<?xml version="1.0" encoding="UTF-8" standalone="yes"?>
<manifest>
  <control namespace="Qz.VideoNotes" constructor="VideoNotesControl" version="1.0.0" display-name-key="Video Notes Control" description-key="Video/Audio Notes Recorder for Dataverse" control-type="standard" api-version="1.3.18">
    <resources>
      <code path="bundle.js" order="1"/>
    </resources>
    <feature-usage>
      <uses-feature name="WebAPI" required="true"/>
      <uses-feature name="Device.captureAudio" required="true"/>
      <uses-feature name="Device.captureVideo" required="true"/>
    </feature-usage>
    <property name="value" display-name-key="Value" description-key="Value" of-type="SingleLine.Text" usage="bound"/>
    <built-by name="pac" version="1.46.1"/>
  </control>
</manifest>